sequence_length,total_time_sec,generated_tokens,per_token_latency_ms,throughput_tokens_per_sec,gpu_memory_MB
512,3.463754892349243,128,27.060585096478462,36.954115974755304,15451.82763671875
512,3.466956377029419,128,27.085596695542336,36.91999150842325,15451.82763671875
512,3.4636495113372803,128,27.059761807322502,36.95524029813873,15451.82763671875
512,3.4687933921813965,128,27.09994837641716,36.900439296416415,15451.82763671875
512,3.4684700965881348,128,27.097422629594803,36.90387878099657,15451.82763671875
1024,3.5377540588378906,128,27.63870358467102,36.18114709818083,15569.41552734375
1024,3.532006025314331,128,27.59379707276821,36.240028777586424,15569.41552734375
2048,3.6423840522766113,128,28.456125408411026,35.1418186997595,15813.95458984375
4096,3.9332339763641357,128,30.72839044034481,32.54319493047872,16303.03271484375
